제목, 저자
82년생 김지영,조남주
미움받을 용기,기시미 이치로, 전경아
도파민형 인간,대니얼 Z. 리버먼,마이클 E. 롱
사피엔스,유발 하라리, 조현욱
90년생이 온다,임홍택
멋진 신세계,올더스 헉슬리, 안정효
물 만난 물고기,이찬혁
열정은 쓰레기다,스콧 애덤스, 고유라
쓰레기처럼 사랑하라,김달
인간 본성의 법칙,로버트 그린, 이지연
베스트 셀프,마이크 베이어, 강주헌
설민석의 삼국지 1,설민석
자존감 수업,윤홍균
50부터는 인생관을 바꿔야 산다,사이토 다카시, 황혜숙
봉제인형 살인사건,다니엘 콜, 유혜인
상식 밖의 부자들,루이스 쉬프
아주 작은 습관의 힘,제임스 클리어, 이한이
밀크맨,애나 번스, 홍한별
부의 지각변동,박종훈
나는 나로 살기로 했다,김수현
말센스,셀레스트 헤들리, 김성환
직지 1,김진명
자연스러움의 기술,김윤나
부의 추월차선,엠제이 드마코
19금 그레이의 50가지 그림자 1,E L 제임스, 박은서
쉬운 일은 아니지만,홍화정
죽음의 에티켓,롤란트 슐츠, 노선정
부자 아빠 가난한 아빠 20주년 특별 기념판,로버트 기요사키, 안진환
돌이킬 수 없는 약속,야쿠마루 가쿠, 김성미
영화는 두 번 시작된다,이동진
할매가 돌아왔다,김범
유시민의 글쓰기 특강,유시민
세상을 읽는 새로운 언어, 빅데이터,조성준
침묵이라는 무기,코르넬리아 토프, 장혜경
페이크,로버트 기요사키, 박슬라
내가 죽으면 장례식에 누가 와줄까,김상현
50대 사건으로 보는 돈의 역사,홍춘욱
직지 2,김진명
관객모독,페터 한트케, 윤용호
일본인의 눈물,손대식
당신은 뇌를 고칠 수 있다,톰 오브라이언, 이시은
창문 넘어 도망친 100세 노인,요나스 요나손, 임호경
삼생삼세 십리도화,당칠공자, 문헌선
세상 모든 이기주의자에게 우아하게 복수하는 법,오가타 도시오, 황혜숙
빈곤의 연대기,박선미,김희순
어떻게 살아야 할지 막막한 너에게,우쥔, 이지수
이기적 유전자,리처드 도킨스, 홍영남,이상임
일취월장,고영성,신영준
삼국지 (1~10) 합본 세트,나관중, 황석영
우먼 인 윈도,A. J. 핀, 부선희
하필 내게 쌍둥이가 생겼다,서지혜
요즘 남자는 그렇지 않습니다,데이라잇
혼자일 때도 괜찮은 사람,권미선
당신의 마음을 안아줄게요,김지훈
철학 VS 철학,강신주
말투 때문에 말투 덕분에,이오타 다쓰나리, 백운숙
돈의 감각,이명로
12가지 인생의 법칙,조던 B. 피터슨, 강주헌
열두 발자국,정재승
아몬드,손원평
나는 초민감자입니다,주디스 올로프, 최지원
아주 작은 목표의 힘,고다마 미쓰오, 정미애
설민석의 조선왕조실록,설민석
나는 나무에게 인생을 배웠다,우종영
설민석의 삼국지 2,설민석
전설로 떠나는 월가의 영웅,피터 린치,존 로스차일드, 이건
감정 폭력,베르너 바르텐스, 손희주
사진 잘 찍는 법,김홍희
맛불리 다이어트 연구소,맛불리
공부의 미래,존 카우치,제이슨 타운, 김영선
영어회화 핵심패턴 233 (epub3),백선엽
퇴마록 국내편 1,이우혁
어색해서 무슨 말을 해야 할지 모르겠어,가와시마 다쓰시, 김은선
정리하는 뇌,대니얼 J. 레비틴, 김성훈
말의 품격,이기주
유튜브 젊은 부자들,김도윤
우리는 차별에 찬성합니다,오찬호
타르튀프,몰리에르, 신은영
세일즈포스, 디지털혁신의 판을 뒤집다,김영국,김평호,김지민
사랑하게 해줘서, 고마워,김재식, 최청운
뒤통수의 심리학,마리아 코니코바, 이수경
여행의 이유,김영하
사일런트 페이션트,알렉스 마이클리디스, 남명성
프레디쿠스,임영익
사라진 스푼,샘 킨, 이충호
카를 융 기억 꿈 사상,칼 구스타브 융, 조성기
워런 버핏의 주주서한,워런 버핏, 이건
치아문단순적소미호 2,자오첸첸, 남혜선
안나 카레니나 세트,레프 톨스토이, 박형규
너라는 계절,김지훈
기억 전달자,로이스 로우리
터틀 트레이딩,마이클 코벨, 오인석
사업을 한다는 것,레이 크록, 이영래
하버드 상위 1퍼센트의 비밀,정주영
우울할 땐 뇌과학,알렉스 코브, 정지인
플랫폼 제국의 미래,스콧 갤러웨이, 이경식
초격차,권오현
19금 그레이의 50가지 그림자 2,E L 제임스, 박은서
부동산경매 무작정 따라하기,이현정
중국 경제,아서 크뢰버, 도지영
