제목, 평점
신의 한 수: 귀수편,8.18
82년생 김지영,6.61
터미네이터: 다크 페이트,8.58
아담스 패밀리,8.79
날씨의 아이,7.78
조커,8.67
말레피센트 2,7.60
닥터 슬립,8.87
가장 보통의 연애,7.92
프렌드 존,8.33
모리스,8.44
벌새,8.92
우먼 인 할리우드,8.98
경계선,8.25
메기,8.44
빅트립: 아기팬더 배달 대모험,7.62
빅 위시,4.86
캔 유 킵 어 시크릿?,9.00
람보 : 라스트 워,8.77
와일드 로즈,8.62
더 킹: 헨리 5세,8.58
니나 내나,9.15
버티고,6.48
스노우 화이트,6.00
텔 잇 투 더 비즈,7.67
패트와 매트: 우당탕탕 크리스마스,7.19
타이페이 스토리,10.00
두번할까요,5.32
원스 어폰 어 타임... 인 할리우드,7.63
너를 만난 여름,8.08
아워 바디,7.06
빅 2: 황금열쇠 대소동,6.78
너의 이름은.,8.76
북간도의 십자가,7.41
뷰티풀 보이,8.35
졸업,8.00
왓 데이 해드,0.00
신문기자,8.00
트루 시크릿,8.88
주전장,9.49
100일 동안 100가지로 100퍼센트 행복찾기,8.88
시크릿 슈퍼스타,9.55
엔젤 오브 마인,8.76
퍼펙트 스트레인저,8.33
오늘, 우리,9.23
더 빌리지,7.00
열여섯의 봄,0.00
쿠엔틴 타란티노 8,8.70
하이 라이프,7.94
아이언 자이언트,9.33
기생충,8.47
판소리 복서,6.30
미드 90,8.31
퍼펙트맨,7.87
나쁜 녀석들: 더 무비,6.45
델마와 루이스,8.94
미드소마,6.58
교회오빠,9.27
사선의 끝,9.90
블러드 심플,8.07
열두 번째 용의자,6.87
터미네이터 2:오리지널,9.43
수상한 이웃,5.95
47미터 2,7.05
나의 노래는 멀리멀리,9.72
리스본행 야간열차,8.30
빛이 있으라,0.00
그럼에도 불구하고,9.29
극장판 헬로카봇 : 달나라를 구해줘!,7.48
김광석,8.68
김군,7.78
내가 사는 세상,7.96
다이빙벨,6.38
디터 람스,9.32
런던 해즈 폴른,7.35
룸,8.97
밤치기,5.96
비룡문,7.00
비치온더비치,7.31
산상수훈,6.50
생일,7.18
쏘아올린 불꽃, 밑에서 볼까? 옆에서 볼까?,6.76
아직 지나지 않은 여름,10.00
어거스트 러쉬,9.00
에드워드,8.00
여수 밤바다,7.15
오늘도 위위,9.48
우묵배미의 사랑,8.34
우키시마호,8.03
위아영,7.37
지상에서 영원으로,8.70
진짜 진짜 잊지마,7.90
진짜로 일어날지도 몰라 기적,8.69
청일전쟁과 여걸 민비,2.76
체크 히어로,8.50
초원의 빛,8.80
칠곡 가시나들,9.12
파업전야,8.14
펭귄 하이웨이,6.62
프란시스 하,8.11
해피 어게인,9.01
헌터 킬러,9.37
힘을 내요, 미스터 리,7.57
꼬마 자전거 스피디,7.53
몬스터 하우스,8.00
미스 사이공: 25주년 특별 공연,9.20
아이다호,8.61
장수상회,8.88
